word type,number
everything,33601
adult,1
hate,1
function,18783
normal,number
the,1635
and,1395
a,905
to,879
of,842
i,618
in,565
it,542
was,541
that,473
he,435
you,295
his,280
we,265
for,252
as,251
with,244
had,221
but,220
him,214
all,206
on,206
is,203
at,202
so,194
out,178
my,175
they,168
this,166
be,152
not,146
by,143
there,140
were,129
then,124
one,122
up,122
me,118
no,116
sie,115
an,113
said,110
have,109
what,108
from,105
would,98
ich,98
about,92
do,91
got,91
time,88
now,87
our,83
could,83
or,82
if,81
are,79
them,79
just,78
when,78
some,76
us,76
know,76
well,76
down,74
which,73
been,70
see,69
will,68
any,68
m,68
w,66
good,59
way,59
went,59
how,59
did,58
before,57
oh,57
who,56
can,55
your,55
man,54
over,54
two,54
never,54
made,53
into,53
her,52
cloth,51
such,51
die,51
other,50
war,50
get,50
like,50
sir,50
little,49
thing,49
go,49
very,47
nicht,47
right,44
back,44
first,43
came,43
night,43
come,43
three,43
old,42
again,42
think,42
yes,42
more,41
last,41
ist,41
say,40
mir,40
their,39
only,39
german,38
nothing,38
es,38
here,37
day,37
new,36
long,36
around,36
boy,35
those,34
without,34
through,34
put,34
half,34
too,34
has,33
life,33
every,33
geo,33
why,32
full,32
moment,31
upon,31
course,31
after,31
told,31
away,30
where,30
off,30
look,30
along,29
mind,28
its,28
something,28
anything,28
s,28
dear,28
du,28
these,27
make,27
place,27
found,27
under,27
things,27
pages,27
done,26
same,26
took,26
began,26
young,25
she,25
das,25
than,24
must,24
dark,24
most,24
end,24
enough,24
presently,24
himself,24
face,24
once,24
soon,24
find,24
thought,23
mean,23
take,23
next,23
general,23
going,23
sich,23
sheep,23
kind,22
heard,22
men,22
ever,22
name,22
world,22
sure,22
another,22
while,22
till,22
home,22
talk,22
tell,22
poor,22
myself,21
rest,21
times,21
keep,21
letter,21
gr,21
morocco,21
people,20
much,20
hand,20
seemed,20
gone,20
years,20
set,20
left,20
four,20
still,20
always,20
let,20
b,20
own,19
great,19
should,19
light,19
give,19
knew,19
hundred,19
eyes,19
zu,19
each,18
sent,18
lightning,18
military,18
tried,18
days,18
mr,18
being,18
couple,18
thompson,18
der,18
dich,18
called,17
gun,17
gave,17
horse,17
nobody,17
camp,17
best,17
paper,17
changed,17
annie,17
mein,17
p,17
fact,16
among,16
front,16
work,16
matter,16
country,16
box,16
want,16
shall,16
enter,16
wir,16
deal,15
better,15
may,15
few,15
several,15
also,15
together,15
morning,15
heart,15
house,15
getting,15
guns,15
colonel,15
everything,15
turned,15
anybody,15
door,15
whole,15
stand,15
does,15
believe,15
room,15
speak,15
book,15
isaac,15
george,15
many,14
history,14
union,14
because,14
however,14
yet,14
play,14
might,14
head,14
hands,14
both,14
girls,14
saw,14
am,14
says,14
sound,13
storm,13
boys,13
bed,13
toward,13
throw,13
shut,13
against,13
stay,13
language,13
lost,13
pause,13
pretty,13
idea,13
fort,13
r,13
den,13
er,13
illustrations,13
started,12
sort,12
months,12
hard,12
father,12
whom,12
far,12
looked,12
bowers,12
sergeant,12
word,12
sat,12
body,12
low,12
fell,12
ordered,12
g,12
enemy,12
doing,12
hear,12
stood,12
uniform,12
near,12
reckon,12
em,12
etc,12
mark,11
during,11
town,11
ago,11
writing,11
english,11
battle,11
hour,11
kept,11
hot,11
except,11
use,11
large,11
try,11
question,11
answer,11
perfectly,11
saying,11
ready,11
business,11
inside,11
hold,11
harm,11
dead,11
field,11
truth,11
brought,11
read,11
per,11
chair,11
des,11
case,11
herr,11
volume,11
until,10
company,10
story,10
experience,10
mrs,10
fifty,10
captain,10
french,10
change,10
interest,10
reached,10
act,10
command,10
corn,10
even,10
asked,10
between,10
fire,10
words,10
everybody,10
seem,10
coming,10
water,10
show,10
thunder,10
child,10
since,10
awful,10
sweet,10
voice,10
ink,10
prophets,10
ah,10
margaret,10
hat,10
im,10
frau,10
memoirs,10
l,9
stories,9
private,9
state,9
later,9
rebel,9
mine,9
held,9
broke,9
small,9
remember,9
given,9
wanted,9
wait,9
learned,9
struck,9
simply,9
point,9
miles,9
person,9
soldiers,9
open,9
line,9
piece,9
quarters,9
learn,9
part,9
spy,9
sleep,9
orders,9
death,9
order,9
born,9
short,9
goes,9
regiment,9
subject,9
baal,9
stable,9
morgen,9
ja,9
illustrated,9
d,9
twain,8
cents,8
york,8
fair,8
news,8
son,8
ourselves,8
quite,8
love,8
waited,8
stevens,8
account,8
killed,8
london,8
farm,8
effect,8
silence,8
behind,8
friend,8
quick,8
legs,8
bit,8
fall,8
result,8
sharp,8
simple,8
hair,8
ask,8
road,8
feel,8
master,8
soul,8
themselves,8
big,8
conversation,8
send,8
minutes,8
silent,8
hardly,8
white,8
station,8
train,8
outside,8
woman,8
alone,8
easy,8
please,8
string,8
tongue,8
o,8
sind,8
nach,8
dem,8
bitte,8
nur,8
bin,8
eine,8
nein,8
steel,8
american,7
entered,7
ought,7
south,7
family,7
became,7
fellow,7
spirit,7
fifteen,7
region,7
grateful,7
twenty,7
stillness,7
talking,7
guard,7
five,7
plan,7
cold,7
plain,7
shot,7
bible,7
position,7
seen,7
trouble,7
dropped,7
present,7
true,7
turn,7
trying,7
others,7
meant,7
weeks,7
begin,7
felt,7
reason,7
seems,7
invented,7
car,7
cheese,7
t,7
stopped,7
neither,7
names,7
fool,7
russian,7
letters,7
von,7
mit,7
um,7
muss,7
leben,7
fancy,6
series,6
merry,6
tales,6
amount,6
allowed,6
least,6
call,6
died,6
means,6
army,6
money,6
tom,6
second,6
singing,6
rain,6
written,6
named,6
camps,6
nature,6
ones,6
foot,6
deep,6
feeling,6
hours,6
mixed,6
closed,6
mile,6
crib,6
whenever,6
asleep,6
mistake,6
year,6
late,6
happy,6
circumstances,6
slipped,6
hill,6
top,6
straight,6
run,6
gentleman,6
picket,6
hurried,6
foolish,6
followed,6
lay,6
waiting,6
received,6
surprise,6
within,6
appeared,6
thinking,6
watch,6
hurt,6
almost,6
help,6
imagination,6
wife,6
six,6
recruits,6
seeing,6
side,6
condition,6
care,6
card,6
described,6
window,6
knows,6
likely,6
worth,6
else,6
leave,6
chance,6
pity,6
answered,6
evidently,6
happened,6
girl,6
matters,6
praying,6
usual,6
match,6
spies,6
bless,6
lips,6
landing,6
hotel,6
e,6
musicians,6
post,6
boots,6
sing,6
holy,6
confess,6
sentence,6
conspirators,6
catch,6
department,6
close,6
lie,6
cats,6
herself,6
fait,6
als,6
laden,6
lovely,6
gut,6
ach,6
exit,6
danke,6
sei,6
nie,6
uns,6
hund,6
contains,6
edition,6
binding,6
portrait,6
sketches,5
satisfied,5
mainly,5
whose,5
aside,5
presence,5
march,5
grant,5
mississippi,5
strong,5
eye,5
owned,5
mere,5
impulse,5
atmosphere,5
orleans,5
bad,5
following,5
missouri,5
lieutenant,5
innocent,5
perhaps,5
ignorant,5
nearly,5
known,5
forty,5
explanation,5
ours,5
midnight,5
details,5
knock,5
cry,5
really,5
directions,5
corner,5
ten,5
equal,5
speech,5
pleasant,5
prairie,5
noon,5
arrive,5
mule,5
believed,5
afterward,5
office,5
making,5
talked,5
perfect,5
guess,5
arms,5
dogs,5
fine,5
bring,5
land,5
wind,5
indeed,5
wild,5
hope,5
sight,5
taken,5
impossible,5
natural,5
broken,5
h,5
harris,5
modify,5
grip,5
comfortable,5
crept,5
wall,5
caught,5
somebody,5
sorts,5
personal,5
intended,5
save,5
adventures,5
style,5
band,5
need,5
instant,5
air,5
dumb,5
tears,5
afraid,5
stove,5
twice,5
thrust,5
facts,5
cap,5
finally,5
break,5
stands,5
spent,5
nor,5
lord,5
clergyman,5
comes,5
stock,5
protect,5
betray,5
clear,5
sets,5
king,5
altar,5
ashamed,5
walk,5
sudden,5
clothes,5
spoke,5
captured,5
uncle,5
sake,5
morrow,5
either,5
beginning,5
determined,5
possible,5
snatched,5
past,5
instructions,5
reply,5
auf,5
wo,5
oder,5
scene,5
il,5
live,5
ob,5
sh,5
gar,5
hast,5
dir,5
covers,5
fiction,4
volumes,4
bound,4
webster,4
charles,4
note,4
desire,4
material,4
foreign,4
fashion,4
law,4
works,4
title,4
biographical,4
method,4
campaign,4
curious,4
explain,4
confusion,4
minds,4
instance,4
mate,4
wrong,4
negro,4
share,4
shouting,4
jackson,4
calling,4
thousand,4
militia,4
county,4
secret,4
sample,4
write,4
mud,4
courage,4
cat,4
entirely,4
serious,4
thoughts,4
soft,4
harmless,4
anyway,4
necessary,4
woods,4
influence,4
approached,4
report,4
actual,4
follow,4
rough,4
safe,4
movement,4
success,4
become,4
glory,4
doubt,4
cause,4
straightway,4
romantic,4
sugar,4
troughs,4
trees,4
served,4
farmers,4
horses,4
difficulty,4
ears,4
sit,4
game,4
carry,4
saddle,4
biting,4
sun,4
bite,4
black,4
already,4
blood,4
serve,4
cook,4
wood,4
rank,4
probably,4
tied,4
invention,4
support,4
attention,4
suggestive,4
smothered,4
considerable,4
nine,4
soldier,4
concerning,4
cost,4
forth,4
capture,4
hang,4
mouth,4
misery,4
itself,4
breakfast,4
naturally,4
twelve,4
places,4
weather,4
village,4
midst,4
surprised,4
imagine,4
relief,4
none,4
faces,4
start,4
neighborhood,4
having,4
forced,4
crack,4
muffled,4
abroad,4
rather,4
stranger,4
strangers,4
desperate,4
sixty,4
companies,4
raged,4
brisk,4
frightened,4
remark,4
strange,4
iron,4
john,4
mother,4
express,4
disturbed,4
seat,4
expressman,4
frozen,4
sign,4
uneasy,4
minute,4
looking,4
further,4
warm,4
red,4
slowly,4
lays,4
quietly,4
makes,4
forward,4
platform,4
wish,4
turns,4
middle,4
mighty,4
added,4
fever,4
celebrated,4
noble,4
flowing,4
strict,4
certain,4
crammed,4
loved,4
blunder,4
necessarily,4
grade,4
destruction,4
shoulder,4
single,4
absolutely,4
breast,4
particularly,4
powerful,4
understand,4
somewhat,4
list,4
pay,4
eat,4
begins,4
children,4
friends,4
barrels,4
poured,4
heave,4
cipher,4
northern,4
mysterious,4
lad,4
forgot,4
street,4
manner,4
talks,4
pocket,4
drummer,4
drum,4
above,4
stop,4
moving,4
writings,4
immediately,4
blank,4
hidden,4
important,4
wrote,4
commands,4
sympathetic,4
replied,4
dangerous,4
alliance,4
knees,4
dress,4
conspiracy,4
landlord,4
hall,4
daughter,4
sick,4
darling,4
argue,4
boom,4
sentences,4
william,4
society,4
da,4
skin,4
abend,4
wird,4
reich,4
re,4
count,4
bist,4
rein,4
aufs,4
artist,4
gold,4
stamps,4
square,4
hon,4
portraits,4
recipes,4
produced,3
edited,3
arthur,3
poems,3
co,3
occupied,3
reading,3
shape,3
taste,3
class,3
prices,3
writers,3
appear,3
writer,3
justly,3
novel,3
public,3
century,3
brothers,3
page,3
failed,3
listen,3
stepped,3
permanently,3
space,3
value,3
west,3
patience,3
slaves,3
summer,3
boat,3
st,3
issued,3
stuff,3
natured,3
forlorn,3
smith,3
flung,3
familiar,3
ancient,3
stone,3
built,3
holiday,3
capable,3
turning,3
apprentice,3
stuck,3
orderly,3
expected,3
various,3
beyond,3
nonsense,3
laughter,3
according,3
standing,3
occasion,3
pleaded,3
shame,3
stumbling,3
nurse,3
humor,3
privately,3
afterwards,3
distant,3
tree,3
listened,3
swore,3
drive,3
service,3
southern,3
neighbor,3
forest,3
rocky,3
ass,3
judged,3
creature,3
neck,3
lead,3
steamboat,3
trick,3
respect,3
thirty,3
size,3
recognized,3
swear,3
lose,3
afternoon,3
fill,3
dry,3
seven,3
proper,3
staff,3
considered,3
dinner,3
supper,3
gathered,3
serene,3
tying,3
footnote,3
rode,3
alarm,3
direction,3
stir,3
retreat,3
retreating,3
uncertain,3
badly,3
yielded,3
allow,3
remain,3
compliments,3
decided,3
grew,3
keg,3
powder,3
brook,3
bottom,3
consequently,3
breath,3
though,3
persons,3
civil,3
dog,3
bull,3
lock,3
returned,3
memory,3
questions,3
spirited,3
fight,3
warning,3
hide,3
across,3
breaking,3
false,3
needed,3
staid,3
women,3
forever,3
awake,3
miserable,3
strikes,3
sprang,3
sounds,3
happening,3
composed,3
reared,3
lives,3
probabilities,3
james,3
telegraph,3
trade,3
duty,3
expose,3
subordinate,3
job,3
sentries,3
heavy,3
locked,3
rumors,3
cases,3
indifferent,3
resolved,3
school,3
altogether,3
everywhere,3
fright,3
leaf,3
stealthily,3
distinctly,3
sensation,3
unless,3
fired,3
killing,3
clung,3
touched,3
hit,3
falling,3
devil,3
distance,3
earnest,3
including,3
concluded,3
kill,3
crippled,3
picture,3
green,3
charged,3
early,3
health,3
railway,3
waste,3
arrived,3
fastened,3
cigars,3
apparently,3
astonished,3
prodigious,3
ship,3
conductor,3
practical,3
moved,3
limburger,3
bitter,3
doors,3
humming,3
tone,3
departed,3
moreover,3
tremendous,3
meantime,3
pale,3
noticed,3
gasped,3
gesture,3
sigh,3
sometimes,3
slightly,3
solemn,3
feet,3
pane,3
nose,3
struggled,3
ben,3
gray,3
cent,3
able,3
trust,3
judge,3
telling,3
fetch,3
lot,3
shoes,3
floor,3
travel,3
trip,3
banquet,3
honor,3
reasons,3
real,3
suddenly,3
food,3
instructor,3
woolwich,3
singular,3
hero,3
reverend,3
mistaken,3
discovered,3
handsomely,3
lovable,3
stupidity,3
examined,3
charity,3
drilled,3
lucky,3
sentiment,3
saved,3
miracle,3
peace,3
earthquake,3
actually,3
load,3
blunders,3
genius,3
reputation,3
high,3
giving,3
charge,3
splendid,3
won,3
filled,3
books,3
proof,3
hurricane,3
sea,3
vacant,3
stumped,3
swearing,3
miracles,3
rev,3
peters,3
tough,3
stick,3
wonder,3
follows,3
apologize,3
odds,3
thinks,3
quiet,3
pray,3
heaven,3
maybe,3
crowd,3
prayed,3
exact,3
strung,3
major,3
commandant,3
stirring,3
garrison,3
besides,3
slip,3
escape,3
enlist,3
quickly,3
glance,3
cheek,3
god,3
looks,3
coast,3
f,3
ways,3
troubled,3
quarter,3
mill,3
takes,3
cast,3
music,3
blind,3
beautiful,3
divine,3
rascal,3
gang,3
brief,3
acts,3
pencil,3
alert,3
remained,3
glad,3
un,3
interrupted,3
missed,3
double,3
reveal,3
add,3
ample,3
rounds,3
wide,3
opened,3
sentinels,3
receive,3
move,3
information,3
lame,3
confinement,3
arrested,3
confined,3
third,3
progress,3
amuse,3
showed,3
temper,3
base,3
ground,3
sobs,3
knotted,3
bar,3
agony,3
less,3
hate,3
certainly,3
candle,3
eight,3
sitting,3
yankee,3
mostly,3
closet,3
attract,3
crime,3
agree,3
peril,3
feather,3
weil,3
ring,3
church,3
precious,3
bell,3
de,3
pamphlet,3
stoff,3
aloud,3
hatte,3
working,3
hoch,3
royal,3
herein,3
project,3
vor,3
ins,3
dank,3
etwas,3
hause,3
nichts,3
poet,3
hurrah,3
interesting,3
huckleberry,3
cheap,3
turkey,3
seal,3
ll,3
fac,3
maps,3
vols,3
octavo,3
gilt,3
eminent,3
miss,3
drinks,3
richard,2
distributed,2
team,2
file,2
sale,2
price,2
copyright,2
rights,2
press,2
evident,2
rubbish,2
injury,2
popular,2
reasonable,2
consist,2
indicates,2
poetry,2
applied,2
effort,2
devise,2
number,2
contents,2
luck,2
thousands,2
numbers,2
therefore,2
loud,2
modest,2
process,2
bearings,2
piloting,2
pilot,2
free,2
solitary,2
considerably,2
thickened,2
louisiana,2
letting,2
willing,2
borrowed,2
hesitation,2
wash,2
possession,2
points,2
governor,2
invader,2
boyhood,2
formed,2
advice,2
connected,2
sounded,2
proposed,2
meaning,2
romance,2
novels,2
pathetic,2
detested,2
common,2
ear,2
art,2
lived,2
victory,2
rightly,2
lap,2
translated,2
rock,2
peter,2
generally,2
neat,2
bright,2
fun,2
concerned,2
expedition,2
joy,2
donkey,2
slow,2
ultimate,2
credit,2
huge,2
sentimental,2
often,2
picturesque,2
liar,2
intelligent,2
seldom,2
liked,2
corporal,2
stole,2
couples,2
hannibal,2
lies,2
extreme,2
steady,2
trudging,2
depressing,2
spirits,2
gloom,2
whisper,2
crucial,2
response,2
torn,2
cheerful,2
dull,2
dawn,2
soiled,2
heel,2
fashioned,2
regarded,2
worn,2
accompanied,2
impressive,2
blast,2
enchanting,2
wooded,2
hills,2
shortly,2
animals,2
colors,2
horsemanship,2
bridle,2
brace,2
resources,2
manage,2
obliged,2
anticipate,2
annoying,2
noticing,2
reach,2
slept,2
leg,2
blue,2
laughed,2
balance,2
pain,2
handy,2
feed,2
insubordination,2
pass,2
merely,2
gives,2
fourteen,2
corps,2
dozing,2
pipes,2
meet,2
cooked,2
meal,2
smooth,2
officers,2
troubles,2
yarn,2
spinning,2
level,2
impression,2
leaving,2
drill,2
visited,2
honest,2
content,2
delicious,2
consternation,2
trance,2
definite,2
attitude,2
offer,2
approaching,2
struggling,2
whilst,2
detachment,2
pile,2
scratching,2
dismal,2
grisly,2
continued,2
cow,2
cough,2
briskly,2
scramble,2
ravines,2
finding,2
mouths,2
fence,2
shoot,2
spectacle,2
spare,2
masons,2
yale,2
loose,2
preceded,2
running,2
frank,2
government,2
expense,2
jumping,2
shamed,2
automatically,2
scars,2
conceal,2
lane,2
chorus,2
flying,2
notice,2
tale,2
booming,2
reflection,2
older,2
wore,2
chicken,2
eggs,2
furnish,2
dulness,2
sense,2
busy,2
wailing,2
lonesome,2
steeped,2
nights,2
youths,2
accustomed,2
track,2
guarded,2
refused,2
odd,2
contrary,2
scattered,2
familiarly,2
furnished,2
citizen,2
officer,2
resumed,2
thomas,2
rate,2
despatch,2
week,2
rush,2
assembled,2
valuable,2
excellent,2
danger,2
distinguished,2
secure,2
authority,2
dreary,2
darkness,2
interruption,2
bodies,2
toe,2
bricks,2
circumstance,2
grow,2
warlike,2
fast,2
committed,2
persuaded,2
suggest,2
noiseless,2
logs,2
hearts,2
path,2
veiled,2
moonlight,2
figure,2
smoke,2
pulled,2
flashes,2
reports,2
pick,2
uncanny,2
smells,2
rising,2
wondering,2
revealed,2
lying,2
forehead,2
hung,2
forgotten,2
dying,2
muttered,2
despair,2
falls,2
sincerely,2
force,2
tragedy,2
degree,2
carrying,2
shots,2
armed,2
taking,2
remnant,2
self,2
solace,2
eating,2
upper,2
famous,2
career,2
suggested,2
revolver,2
arm,2
chief,2
warned,2
sweeping,2
heels,2
decidedly,2
apart,2
disappointment,2
persuade,2
mounted,2
difficult,2
effects,2
due,2
hearty,2
belong,2
ohio,2
remains,2
wisconsin,2
grieved,2
emotions,2
tacks,2
aboard,2
ran,2
coffin,2
hammer,2
suspecting,2
rifle,2
corpse,2
jumped,2
skipped,2
peculiarly,2
character,2
yonder,2
detect,2
evil,2
searching,2
odor,2
distressed,2
tranquilly,2
gamy,2
poking,2
stopping,2
difference,2
hotter,2
closer,2
loaded,2
although,2
elbow,2
cut,2
judicious,2
fit,2
injured,2
length,2
putting,2
observing,2
handkerchief,2
color,2
towards,2
carried,2
recognition,2
spite,2
sad,2
fingers,2
worse,2
appears,2
swallowing,2
buckle,2
fresh,2
bent,2
revived,2
feels,2
bet,2
wants,2
holds,2
mad,2
suffer,2
hopeful,2
mix,2
rags,2
sheet,2
original,2
rich,2
collar,2
fixed,2
generation,2
crimean,2
drink,2
scanning,2
reserve,2
countenance,2
unconsciousness,2
sincere,2
sketch,2
absolute,2
astonishment,2
aware,2
judgment,2
opportunity,2
examination,2
painful,2
deliver,2
compassion,2
ease,2
purely,2
strangely,2
happen,2
stupefying,2
dreamed,2
glittering,2
responsibilities,2
captaincy,2
responsibility,2
shoulders,2
repose,2
responsible,2
idiotic,2
honestly,2
sweat,2
increased,2
sky,2
allies,2
steadily,2
entire,2
tore,2
jones,2
ashes,2
climbed,2
lands,2
surface,2
tattooed,2
india,2
ankle,2
angry,2
lack,2
pious,2
profound,2
methods,2
fond,2
board,2
proceeded,2
characters,2
considering,2
yourself,2
rougher,2
presbyterian,2
parties,2
particular,2
walking,2
steps,2
pour,2
sister,2
outs,2
afire,2
petroleum,2
worry,2
burn,2
clothing,2
towns,2
traditional,2
sentinel,2
dollars,2
bounty,2
expression,2
gently,2
eloquent,2
occasionally,2
chap,2
absorbed,2
table,2
seated,2
inclined,2
grace,2
childhood,2
comfort,2
observed,2
baton,2
rouge,2
bonnet,2
kenner,2
invalid,2
aunt,2
living,2
plantation,2
principles,2
mansion,2
fly,2
distress,2
tramp,2
begged,2
cannot,2
enlisted,2
hid,2
concealed,2
dragging,2
ashore,2
boston,2
clerk,2
friendless,2
providence,2
barring,2
hartford,2
absent,2
extent,2
gets,2
prays,2
depend,2
national,2
boot,2
interrupt,2
wretched,2
sings,2
fetches,2
beg,2
complaint,2
wicked,2
edges,2
main,2
consideration,2
gracious,2
tender,2
fortress,2
hole,2
scoff,2
tinge,2
watched,2
reported,2
careless,2
deserted,2
pooh,2
institute,2
search,2
crawling,2
stomach,2
kit,2
reverently,2
pleasantly,2
armament,2
infantry,2
postponed,2
possibly,2
awhile,2
shipped,2
greatest,2
communication,2
sold,2
communicate,2
proceed,2
measures,2
powers,2
raw,2
detective,2
assistance,2
cars,2
goggles,2
darted,2
skurried,2
constant,2
surveillance,2
former,2
examine,2
mmmm,2
chiefs,2
detailed,2
password,2
syllable,2
forget,2
enterprise,2
bunches,2
gained,2
descent,2
prepared,2
finished,2
check,2
faint,2
surgeon,2
apply,2
acquainted,2
fully,2
secrets,2
drew,2
twine,2
signs,2
telegraphed,2
scribbling,2
slight,2
spread,2
betrayed,2
nervously,2
button,2
object,2
despairing,2
heavens,2
gazed,2
cruel,2
assertion,2
speaking,2
wonderful,2
laid,2
clasped,2
lifted,2
pitiful,2
answering,2
acting,2
threatened,2
cell,2
principal,2
describe,2
bond,2
cried,2
arrest,2
consequences,2
packet,2
terms,2
deck,2
memphis,2
biography,2
prisoners,2
draw,2
threats,2
thumbs,2
bear,2
eagle,2
tavern,2
final,2
levelled,2
lied,2
softly,2
removed,2
woke,2
glow,2
whispered,2
burst,2
stared,2
confound,2
teeth,2
kitchen,2
alive,2
lady,2
youth,2
invent,2
glib,2
gorgeous,2
sufficient,2
funeral,2
curtain,2
mistakes,2
fear,2
distressing,2
human,2
flash,2
unreasonable,2
sorry,2
instantly,2
deliberately,2
goodness,2
arguing,2
electricity,2
blessed,2
million,2
using,2
yellow,2
dreadful,2
causes,2
hurry,2
frantic,2
insulated,2
non,2
glass,2
tumblers,2
metals,2
dative,2
accusative,2
bells,2
shutters,2
nation,2
heads,2
patent,2
adjustable,2
drama,2
portions,2
suppose,2
adjust,2
replace,2
faire,2
est,2
vent,2
franklin,2
parlor,2
dresden,2
dort,2
suspects,2
wee,2
opinions,2
fairly,2
studying,2
inspiration,2
highest,2
rapidly,2
repeats,2
lovey,2
dovey,2
jump,2
elegant,2
primers,2
deutsche,2
paar,2
different,2
flutter,2
repeat,2
fräulein,2
gift,2
preferable,2
opinion,2
text,2
embarrassing,2
theater,2
slips,2
draws,2
wetter,2
muster,2
ringing,2
tableau,2
handful,2
viertel,2
bis,2
stets,2
paying,2
bald,2
tells,2
bliss,2
rascals,2
somewhere,2
blume,2
papa,2
wer,2
embrace,2
publications,2
flower,2
vine,2
america,2
introduction,2
intensely,2
power,2
blessing,2
prince,2
connecticut,2
editions,2
eighteen,2
notes,2
punch,2
innocents,2
engravings,2
similes,2
calf,2
special,2
scott,2
pope,2
leo,2
russia,2
containing,2
henry,2
j,2
religious,2
historical,2
vol,2
cooking,2
burton,2
rear,2
direct,2
daniel,2
exceptional,2
stamped,2
stamp,2
online,1
proofreading,1
images,1
generously,1
available,1
internet,1
archive,1
emperor,1
eastern,1
neighbors,1
selected,1
walt,1
whitman,1
don,1
calabrian,1
illuminated,1
booksellers,1
postpaid,1
receipt,1
chas,1
projector,1
largely,1
affairs,1
adapted,1
disposal,1
recently,1
chiefly,1
sources,1
reprints,1
translations,1
classics,1
literatures,1
undoubted,1
allows,1
publication,1
native,1
literature,1
moderate,1
fitting,1
include,1
essays,1
monographs,1
term,1
humorist,1
presented,1
bringing,1
origin,1
gather,1
figs,1
thistles,1
eminently,1
desirable,1
messrs,1
harper,1
permission,1
reprint,1
respectable,1
entitled,1
boastful,1
apologetic,1
surely,1
unsettledness,1
leaning,1
carolina,1
december,1
yorker,1
loyalty,1
smirched,1
palliation,1
slavery,1
property,1
straitened,1
retorted,1
pretend,1
decrying,1
unionism,1
libeling,1
ancestry,1
month,1
secession,1
lower,1
january,1
bitterly,1
opposed,1
federal,1
confederate,1
upright,1
repudiated,1
wave,1
shores,1
invaded,1
forces,1
louis,1
jefferson,1
barracks,1
proclamation,1
repel,1
visiting,1
organization,1
rangers,1
fault,1
trivial,1
chivalric,1
ditties,1
nickel,1
plated,1
aristocratic,1
instincts,1
partly,1
plebeian,1
ennoble,1
contented,1
unsatisfied,1
bravest,1
shiver,1
remembers,1
resenting,1
shams,1
affectations,1
patiently,1
reward,1
accepted,1
emphasis,1
tribe,1
sunshine,1
consulting,1
chronicles,1
originally,1
latin,1
greek,1
hence,1
confused,1
proved,1
useful,1
slouch,1
ed,1
handsome,1
graceful,1
educated,1
consciously,1
unconsciously,1
unreasoning,1
scenes,1
occupations,1
rule,1
vast,1
pluck,1
sluggish,1
impropriety,1
homesick,1
jo,1
flax,1
headed,1
lubber,1
lazy,1
brag,1
grumbler,1
experienced,1
industrious,1
ambitious,1
successful,1
training,1
satisfactory,1
samples,1
herd,1
cattle,1
expect,1
caution,1
secrecy,1
southeastern,1
river,1
objective,1
hamlet,1
idle,1
somehow,1
oozed,1
somberness,1
log,1
halt,1
overhanging,1
branches,1
assault,1
realized,1
suddenness,1
indecision,1
meddle,1
ahead,1
urged,1
flank,1
roots,1
tangled,1
vines,1
briers,1
blown,1
cool,1
scratches,1
bruises,1
annoyed,1
flanked,1
fret,1
laughing,1
frolic,1
depression,1
straggled,1
blistered,1
fagged,1
sour,1
raspy,1
stacked,1
shabby,1
barn,1
breakfasted,1
veteran,1
mexican,1
meadow,1
shade,1
gunpowder,1
adjective,1
piling,1
metaphor,1
windy,1
declamation,1
eloquence,1
remote,1
faithful,1
invaders,1
soil,1
whence,1
flag,1
embarked,1
practiced,1
politician,1
phrase,1
juggler,1
similarly,1
clearly,1
invested,1
confederacy,1
solemnities,1
belting,1
sword,1
brown,1
vista,1
del,1
marched,1
shady,1
border,1
reaching,1
expanses,1
flowery,1
pierced,1
purling,1
limpid,1
creek,1
swimming,1
fishing,1
shortened,1
simplified,1
maple,1
rotted,1
propped,1
sleeping,1
battalion,1
mules,1
lent,1
sizes,1
breeds,1
frisky,1
active,1
laying,1
spreading,1
jaws,1
disagreeable,1
animal,1
grounds,1
budge,1
destitute,1
spoil,1
aground,1
grounded,1
substituted,1
fathom,1
rope,1
fetched,1
windlass,1
sufficiently,1
ride,1
practice,1
choice,1
peculiarities,1
excrescences,1
form,1
trunks,1
oak,1
wipe,1
hurts,1
tall,1
slim,1
railroad,1
bridge,1
enabled,1
bites,1
convulsions,1
irritated,1
resent,1
quarrel,1
plenty,1
reckoned,1
uncertainties,1
sarcastic,1
grin,1
ostensibly,1
lift,1
lip,1
degradation,1
lazied,1
smoking,1
cob,1
sweethearts,1
playing,1
games,1
famished,1
footing,1
fires,1
claiming,1
higher,1
settle,1
commander,1
crew,1
vexations,1
occur,1
regular,1
song,1
raked,1
neigh,1
admired,1
ingenuity,1
device,1
member,1
forgetfulness,1
attribute,1
artifice,1
employed,1
forenoon,1
afternoons,1
squads,1
youthful,1
idly,1
mar,1
rumored,1
advancing,1
rude,1
awakening,1
rumor,1
maintain,1
fare,1
council,1
privates,1
fuss,1
flurried,1
explained,1
calm,1
inasmuch,1
needs,1
wise,1
ammunition,1
route,1
hilly,1
troublesome,1
stumbled,1
muddy,1
slope,1
landed,1
undermost,1
pulling,1
scratched,1
bitten,1
rot,1
cared,1
voices,1
wet,1
growling,1
complaining,1
brigade,1
pawed,1
pasty,1
hillside,1
slopped,1
hunting,1
rugged,1
wasted,1
stile,1
countersign,1
bounding,1
riot,1
noise,1
slack,1
trousers,1
endangering,1
attached,1
helpless,1
mortifying,1
porch,1
candles,1
undid,1
undo,1
combination,1
scalding,1
thanks,1
engagement,1
faded,1
whereby,1
breed,1
guessed,1
depended,1
shoe,1
leather,1
scouting,1
party,1
strength,1
stampeding,1
vague,1
shabbier,1
enthusiastically,1
welcome,1
garment,1
display,1
envious,1
occasions,1
activities,1
shout,1
alarmist,1
horseman,1
bands,1
farmer,1
mason,1
flurry,1
haste,1
negroes,1
raining,1
heavily,1
pasture,1
offered,1
advantages,1
blackguarded,1
dose,1
ravine,1
huddled,1
streaming,1
drowned,1
deafened,1
howling,1
blinded,1
drenching,1
deeper,1
halter,1
shameful,1
occurred,1
possibilities,1
dreams,1
repulsive,1
nightmare,1
doubting,1
barbarous,1
manifestly,1
hearted,1
promise,1
mongrel,1
philology,1
refuge,1
devastation,1
objected,1
missourian,1
abundance,1
biscuits,1
wheat,1
bread,1
prettily,1
criss,1
crossed,1
lattice,1
pattern,1
pone,1
fried,1
bacon,1
coffee,1
milk,1
buttermilk,1
confidently,1
challenged,1
lifelessness,1
slumberous,1
oppresses,1
mourning,1
male,1
household,1
fields,1
plaintive,1
wheel,1
moaning,1
sodden,1
homesickness,1
emptiness,1
invited,1
intrude,1
customs,1
theirs,1
decrepit,1
eternities,1
clock,1
birth,1
warrior,1
hint,1
posting,1
pickets,1
forks,1
threatening,1
expecting,1
excused,1
scores,1
sturdy,1
independence,1
dick,1
harry,1
justice,1
assumption,1
east,1
tennessee,1
tent,1
salute,1
circumlocution,1
jim,1
smart,1
bout,1
longer,1
sooner,1
brigadier,1
townsman,1
sole,1
salaried,1
operator,1
ordinary,1
wing,1
delivered,1
soldiery,1
hopeless,1
grim,1
obey,1
machines,1
fought,1
records,1
foolhardy,1
intrepidity,1
diplomacy,1
agreeing,1
exchange,1
ranks,1
pitchy,1
dreariness,1
monotonous,1
growlings,1
nod,1
tedious,1
objection,1
establish,1
daytime,1
usually,1
row,1
rats,1
irritating,1
magnify,1
respond,1
grievous,1
shed,1
spilt,1
scares,1
frequent,1
hovering,1
hover,1
resolution,1
jolly,1
hilarity,1
cooled,1
waning,1
jokes,1
laughs,1
nervous,1
brave,1
unvoiced,1
completed,1
throats,1
staring,1
woodsy,1
enable,1
objects,1
hoof,1
beats,1
mass,1
sharpness,1
outline,1
horseback,1
pushed,1
knowing,1
dazed,1
trigger,1
gratification,1
audibly,1
damp,1
earthy,1
pervading,1
moon,1
chest,1
heaving,1
gasps,1
shirt,1
splashed,1
murderer,1
coldest,1
marrow,1
helplessly,1
stroking,1
pitying,1
regretful,1
unit,1
foe,1
reproachful,1
shadowy,1
stabbed,1
mumbled,1
dreamer,1
legitimate,1
mourned,1
opposing,1
brother,1
sorrowing,1
recalling,1
attacked,1
division,1
guilt,1
lightened,1
diminished,1
burden,1
heated,1
magnified,1
volley,1
preying,1
rid,1
unoffending,1
wanton,1
epitome,1
animosity,1
spoiled,1
equipped,1
retire,1
avocation,1
sham,1
soldiership,1
morbid,1
decreed,1
guiltless,1
diseased,1
demonstration,1
monotonously,1
marvel,1
families,1
hospitably,1
courteous,1
deserved,1
ab,1
grimes,1
dare,1
bristled,1
comrades,1
deeds,1
conjecture,1
horsemen,1
favorite,1
lasso,1
pommel,1
snatch,1
gallop,1
fierce,1
profane,1
blacksmith,1
gigantic,1
bowie,1
knives,1
swung,1
isthmus,1
practicing,1
murderous,1
cuts,1
slashes,1
remorseless,1
fanatic,1
hollow,1
florida,1
monroe,1
consulted,1
disband,1
majority,1
persuasion,1
met,1
uniforms,1
vogue,1
wake,1
disturbance,1
exterminated,1
wearing,1
whiskers,1
unknown,1
hearing,1
realize,1
rationally,1
proceeding,1
thoughtful,1
lightly,1
valueless,1
unfair,1
rebellion,1
discipline,1
steadying,1
heartening,1
trained,1
leaders,1
exaggerated,1
terrors,1
invaluable,1
collision,1
rabbits,1
incomplete,1
rightful,1
exhibited,1
helped,1
battles,1
married,1
sufferings,1
bachelor,1
shadow,1
hale,1
helping,1
journey,1
cleveland,1
driving,1
snow,1
dearest,1
schoolmate,1
utterance,1
greatly,1
shocked,1
marked,1
deacon,1
levi,1
bethlehem,1
whistling,1
pine,1
safely,1
provide,1
sandwich,1
examining,1
puzzled,1
nail,1
rushed,1
illinois,1
sung,1
bale,1
buckets,1
breezy,1
heartiness,1
package,1
mature,1
article,1
wholly,1
sped,1
cheerless,1
tempest,1
arctic,1
slammed,1
sliding,1
bolted,1
tight,1
bustling,1
setting,1
contentedly,1
flatting,1
stealing,1
depressed,1
attributed,1
infinitely,1
saddening,1
remembrance,1
arranged,1
satisfaction,1
deleterious,1
whatever,1
stray,1
cracks,1
remarking,1
calculated,1
choosing,1
growing,1
qualmish,1
gradually,1
fading,1
ceased,1
ominous,1
moments,1
cinnamon,1
yer,1
impressed,1
contemplative,1
indicating,1
yourn,1
ripe,1
awed,1
whether,1
joints,1
rise,1
lifting,1
bail,1
meditative,1
listening,1
roar,1
scrambled,1
stretched,1
grass,1
enlarge,1
plainly,1
placidly,1
ignoring,1
statement,1
views,1
unwisdom,1
burials,1
lounged,1
trot,1
dum,1
buried,1
silk,1
sway,1
endure,1
unendurable,1
suffocating,1
rested,1
knee,1
waved,1
overdue,1
lordy,1
heliotrope,1
gratified,1
compliment,1
puffed,1
gingerly,1
improved,1
consultation,1
nerveless,1
ambition,1
maundering,1
desultory,1
experiences,1
referring,1
effectiveness,1
promoted,1
bigger,1
shove,1
scheme,1
calculating,1
deadly,1
nodded,1
threw,1
slumped,1
gagged,1
floundered,1
pawing,1
hoarsely,1
gimme,1
budged,1
flume,1
suited,1
trumps,1
alter,1
plans,1
starting,1
pranced,1
cheerily,1
exclaimed,1
commodore,1
tuck,1
carbolic,1
acid,1
carboy,1
sprinkled,1
drenched,1
perfumes,1
swabbed,1
bandanna,1
disheartened,1
buck,1
agin,1
utilizes,1
flavor,1
plays,1
stiff,1
waltzed,1
freezing,1
thawing,1
stifling,1
bag,1
sponge,1
withdraw,1
canvass,1
feathers,1
dried,1
apples,1
tobacco,1
sulphur,1
piled,1
breadth,1
smell,1
sublime,1
reflections,1
suffocated,1
dragged,1
dejectedly,1
outvote,1
typhoid,1
elected,1
insensible,1
virulent,1
rifles,1
shattered,1
bermuda,1
conspicuously,1
illustrious,1
withhold,1
titles,1
fascination,1
renowned,1
flesh,1
zenith,1
demigod,1
noting,1
quietness,1
gravity,1
honesty,1
expressed,1
hundreds,1
admiring,1
loving,1
worship,1
welling,1
breasts,1
vouched,1
acquaintance,1
glimmered,1
leaned,1
confidentially,1
verdict,1
napoleon,1
socrates,1
solomon,1
greater,1
veracity,1
convenient,1
academy,1
sections,1
underwent,1
preliminary,1
brightly,1
guileless,1
exceedingly,1
graven,1
image,1
answers,1
veritably,1
miraculous,1
ignorance,1
aroused,1
behalf,1
galley,1
slave,1
used,1
superficial,1
cram,1
plucked,1
accident,1
narrow,1
limits,1
mathematics,1
examiners,1
launched,1
fate,1
conceive,1
prize,1
ovation,1
conscience,1
tortured,1
preposterous,1
guilty,1
creator,1
frankenstein,1
woodenhead,1
promotions,1
ruin,1
reel,1
gazetted,1
marching,1
climb,1
sublimity,1
foreseen,1
inadequate,1
barely,1
cornet,1
consider,1
inaction,1
capital,1
grinding,1
economy,1
bought,1
cornetcy,1
focussed,1
misinterpreted,1
performance,1
inspirations,1
mildest,1
rage,1
rave,1
apprehension,1
lustre,1
discovery,1
superiors,1
hottest,1
sheol,1
awfully,1
vital,1
immortal,1
detach,1
neighboring,1
suggestion,1
insane,1
unsuspected,1
eaten,1
ninety,1
russians,1
argued,1
browsing,1
sly,1
detected,1
blocked,1
tail,1
pell,1
mell,1
solid,1
centre,1
rout,1
defeat,1
marshal,1
dizzy,1
admiration,1
delight,1
hugged,1
decorated,1
armies,1
mistaking,1
instead,1
marvellous,1
fade,1
unpretending,1
rains,1
supremest,1
universe,1
pursued,1
phenomenal,1
astonishing,1
luckiness,1
shining,1
wars,1
littered,1
knight,1
baronet,1
clothed,1
domestic,1
decorations,1
record,1
befall,1
gossip,1
pacific,1
voyages,1
remarkable,1
picked,1
education,1
shipmates,1
forecastle,1
sailed,1
oceans,1
tint,1
climates,1
learning,1
c,1
blurred,1
distorted,1
unfocussed,1
lenses,1
untrained,1
bearded,1
infant,1
gentle,1
wrath,1
nickname,1
tamely,1
descriptive,1
formidable,1
build,1
dauntless,1
frescoed,1
pictures,1
mottoes,1
voyage,1
bare,1
swollen,1
legend,1
gleaming,1
clouding,1
virtue,1
deeply,1
fish,1
blameless,1
sailors,1
unillumined,1
biblical,1
arriving,1
beliefs,1
advanced,1
thinkers,1
laws,1
interpretation,1
creation,1
geological,1
epochs,1
severe,1
satire,1
modern,1
scientific,1
religionists,1
describing,1
rabidly,1
disquisition,1
argument,1
passenger,1
liking,1
yarns,1
toothsome,1
scraps,1
wove,1
streak,1
profanity,1
garrulous,1
fabric,1
refreshing,1
weary,1
neutralities,1
undecorated,1
tackle,1
discouraged,1
ravelling,1
meat,1
pleasure,1
amongst,1
played,1
justifiable,1
denomination,1
community,1
prophesying,1
opposition,1
hints,1
undermining,1
majesty,1
airy,1
intimated,1
insured,1
israel,1
parents,1
packed,1
innings,1
plumb,1
magnanimous,1
gravelled,1
holler,1
recollect,1
faults,1
raised,1
spark,1
sundown,1
tuckered,1
quit,1
whitewashed,1
sides,1
trench,1
hogshead,1
crazy,1
knelt,1
heathen,1
churches,1
programme,1
tired,1
rakes,1
blazes,1
prayerfully,1
recall,1
winter,1
conn,1
brains,1
cake,1
thick,1
flitting,1
blow,1
forts,1
hotels,1
infected,1
tendency,1
recruiting,1
dreaming,1
fooling,1
watchfulness,1
leak,1
bounties,1
recruit,1
constitute,1
fortune,1
drowsy,1
ragged,1
bow,1
disappointed,1
deepened,1
despondency,1
hesitated,1
faced,1
hungry,1
gratitude,1
furtive,1
damaged,1
musical,1
melancholy,1
carriage,1
address,1
gentlemanly,1
interested,1
lasted,1
rill,1
rat,1
starving,1
amends,1
brutality,1
dine,1
knife,1
fork,1
hallowed,1
memories,1
sighed,1
drifted,1
religion,1
balm,1
progressed,1
napkin,1
breeding,1
frankness,1
warmed,1
steered,1
steamship,1
esplanade,1
rue,1
bons,1
enfants,1
tivoli,1
circle,1
shell,1
lake,1
delightful,1
lee,1
eclipse,1
steamboats,1
vividly,1
reproduced,1
briefly,1
persecuted,1
masked,1
burned,1
hunted,1
poverty,1
hunger,1
exposure,1
beating,1
overhead,1
victim,1
baleful,1
shone,1
pronounced,1
riverside,1
swam,1
yawl,1
stern,1
daylight,1
walked,1
sailing,1
vessel,1
astor,1
strolling,1
broadway,1
sights,1
despondent,1
moody,1
irritable,1
inquired,1
paid,1
bill,1
trifle,1
passage,1
port,1
resolving,1
wandering,1
streets,1
nap,1
thankful,1
glistened,1
enroll,1
treated,1
intercourse,1
lookout,1
hoping,1
brighten,1
cheery,1
gay,1
associated,1
minded,1
offend,1
noons,1
possessed,1
supplication,1
starts,1
bugler,1
bass,1
scoops,1
givin,1
takin,1
brass,1
tunes,1
kneels,1
applause,1
gits,1
carts,1
pair,1
roughest,1
honey,1
doorstep,1
lick,1
flute,1
harsh,1
gurgles,1
melt,1
plum,1
sin,1
sorrow,1
dismay,1
yield,1
thee,1
grieve,1
wickedest,1
brute,1
walks,1
songs,1
blubbers,1
skip,1
bunks,1
hug,1
slobber,1
pet,1
forgive,1
mortal,1
stirs,1
racks,1
perdition,1
keeps,1
leastways,1
trimmed,1
choked,1
bullyragged,1
overstated,1
pleading,1
execrations,1
harassed,1
whiz,1
bang,1
thump,1
amused,1
pathos,1
enchantment,1
excitements,1
irritations,1
nosing,1
scribbles,1
unpleasant,1
suspicious,1
north,1
recalled,1
reassuring,1
nevertheless,1
pang,1
plots,1
bide,1
discover,1
liberties,1
pocketed,1
vicinity,1
intelligence,1
watson,1
conclusion,1
snorers,1
slumbering,1
bunk,1
disturbing,1
crawled,1
eager,1
pockets,1
jackknife,1
queer,1
ends,1
useless,1
trifles,1
hoard,1
hopefully,1
rebuke,1
nerved,1
unpalatable,1
plunder,1
belonged,1
appropriate,1
bugaboo,1
cub,1
hymn,1
peeped,1
key,1
crumple,1
settled,1
passes,1
sends,1
errand,1
coal,1
chunk,1
scorched,1
glanced,1
dismissed,1
calibre,1
ended,1
stated,1
detached,1
coughed,1
affection,1
withered,1
blight,1
revelation,1
blooded,1
baseness,1
required,1
immediate,1
mentioned,1
reptile,1
uncomfortably,1
guessing,1
strictest,1
divulge,1
wisest,1
fail,1
confidential,1
detained,1
saunter,1
leisurely,1
pounced,1
superscription,1
signature,1
repeated,1
postpone,1
communicated,1
attracting,1
importance,1
scoundrel,1
supposed,1
particulars,1
date,1
secondly,1
thirdly,1
introduced,1
enlisting,1
fourthly,1
assistant,1
indefinite,1
fifthly,1
removes,1
summary,1
fortified,1
endeavors,1
bold,1
unsuspecting,1
return,1
event,1
sleety,1
blowing,1
sentry,1
watchful,1
whispers,1
dangers,1
floating,1
doubling,1
guards,1
indorsement,1
encountered,1
breasting,1
events,1
deposit,1
aged,1
cane,1
limping,1
expectantly,1
envelope,1
glided,1
disappeared,1
throng,1
instructed,1
heretofore,1
indication,1
interrupting,1
capturing,1
connivance,1
batteries,1
peremptory,1
require,1
otherwise,1
appointed,1
distribute,1
doubled,1
southerly,1
rises,1
heroes,1
fame,1
permanent,1
deathless,1
amen,1
mars,1
wear,1
aspect,1
aim,1
continuing,1
clandestine,1
policy,1
regards,1
located,1
doubtless,1
quickest,1
plenary,1
wires,1
approved,1
discussing,1
contained,1
sheets,1
chilly,1
eagerness,1
expectancy,1
heat,1
tracings,1
test,1
confounded,1
annoyance,1
chafed,1
delay,1
plot,1
knots,1
tompions,1
signify,1
miscarried,1
separately,1
privity,1
consent,1
telegram,1
secretary,1
suspend,1
martial,1
arrests,1
vigor,1
promptness,1
informed,1
placed,1
forbade,1
bluster,1
seized,1
bearing,1
flight,1
accordance,1
ticket,1
venture,1
mask,1
accompanying,1
thus,1
resisted,1
tests,1
anxious,1
suspected,1
demeanor,1
embarrassment,1
innocently,1
childlike,1
wonderment,1
scribble,1
amusement,1
scribblings,1
collected,1
earnestness,1
error,1
foolishness,1
offence,1
hardihood,1
soothe,1
jog,1
inquire,1
darting,1
startled,1
strain,1
chin,1
sunk,1
fumbling,1
shook,1
visibly,1
random,1
appeal,1
gazing,1
roll,1
cheeks,1
wept,1
sharply,1
appealingly,1
yours,1
wrought,1
feelingly,1
joke,1
counterfeited,1
unspeakable,1
wavered,1
tracks,1
audible,1
revelations,1
composure,1
disprove,1
exactly,1
forgery,1
indifferently,1
inquiringly,1
sorely,1
taxed,1
recognize,1
calmly,1
uttered,1
coolness,1
paused,1
seconds,1
impressiveness,1
rose,1
gravely,1
ashy,1
terror,1
dodging,1
crying,1
merciful,1
rational,1
frame,1
humbly,1
downcast,1
swabbing,1
constantly,1
distinct,1
willingly,1
deny,1
wrongs,1
persecution,1
destroy,1
pitied,1
sheltered,1
comprehend,1
misguided,1
promised,1
clean,1
firmly,1
stubborn,1
converted,1
passion,1
weeping,1
supplicating,1
declared,1
threaten,1
passing,1
description,1
police,1
metropolis,1
presumably,1
dodge,1
falsehood,1
bits,1
salutary,1
spot,1
mustered,1
trembling,1
wretch,1
divergence,1
capitol,1
hyde,1
capstan,1
roustabout,1
refusing,1
capacity,1
nicholas,1
blew,1
lynched,1
robbing,1
wounded,1
empty,1
hesitating,1
indignant,1
captivity,1
detail,1
connection,1
denied,1
confessed,1
disgust,1
catechising,1
coaxing,1
tiptoe,1
wrung,1
screams,1
shrieked,1
resort,1
laborers,1
longshoremen,1
reputable,1
folk,1
released,1
demanded,1
doggedly,1
sobbing,1
quiver,1
wronged,1
shines,1
triced,1
shrieks,1
screamed,1
convinced,1
imprisoned,1
busied,1
sending,1
telegrams,1
preparations,1
leaked,1
trebled,1
musket,1
previously,1
principals,1
clutches,1
season,1
gag,1
dozen,1
stalwart,1
regulars,1
misleading,1
reconnoitred,1
burning,1
closing,1
led,1
precede,1
utter,1
obeyed,1
murmur,1
ascended,1
flights,1
stairs,1
farther,1
glazed,1
transom,1
discern,1
dim,1
biggest,1
hinges,1
glimpse,1
dart,1
pitch,1
lit,1
pinned,1
occupant,1
prisoner,1
fiercely,1
throat,1
holding,1
cocked,1
barrel,1
warningly,1
strike,1
flame,1
captive,1
sheepish,1
stupidly,1
wit,1
overwhelming,1
covered,1
meekly,1
cincinnati,1
correct,1
trace,1
awkward,1
predicament,1
cursed,1
bother,1
unbelief,1
stayed,1
unspeakably,1
stars,1
stripes,1
floated,1
immense,1
pressure,1
relax,1
vigilance,1
grave,1
harried,1
failure,1
gnashed,1
tidings,1
missing,1
tramping,1
westward,1
cavalry,1
wearily,1
slushy,1
edge,1
detour,1
opposite,1
dismounted,1
unoccupied,1
step,1
halted,1
kneeling,1
finishing,1
prayer,1
embraces,1
praised,1
imp,1
homestead,1
fortnight,1
loafed,1
gulled,1
maudlin,1
gospel,1
retired,1
performances,1
ravenous,1
devourer,1
dime,1
mysteries,1
gaudy,1
heroisms,1
newspaper,1
stealthy,1
goings,1
comings,1
lurid,1
purposes,1
startling,1
achievements,1
aflame,1
comrade,1
lively,1
purser,1
boats,1
plying,1
facility,1
handling,1
pertaining,1
easily,1
whereas,1
louisianian,1
tripping,1
treasonable,1
enigmas,1
forethought,1
afterthought,1
imaginary,1
adopted,1
histories,1
unfortunates,1
confronted,1
promptly,1
enjoyed,1
humiliation,1
captives,1
citizens,1
apologies,1
satisfy,1
fumed,1
western,1
scorn,1
ridicule,1
keepsake,1
college,1
president,1
philadelphia,1
attend,1
jailed,1
coldly,1
counterfeiter,1
nigger,1
trader,1
thief,1
bug,1
notorious,1
nest,1
manuscript,1
unfamiliarity,1
smile,1
infirmities,1
afflicted,1
infirmity,1
sand,1
pieces,1
scrape,1
faculties,1
smote,1
truly,1
glare,1
terrified,1
scream,1
profligate,1
rod,1
mercy,1
stark,1
infidel,1
sacrifice,1
attracts,1
average,1
marksmanship,1
prayers,1
thirteen,1
bumble,1
umble,1
smash,1
neglect,1
cloud,1
rumpus,1
powwow,1
happens,1
throwing,1
telegraphic,1
message,1
relays,1
devotional,1
hanged,1
blamed,1
fireplace,1
committing,1
chimney,1
fatal,1
rustling,1
pantaloons,1
authorities,1
woolen,1
stuffs,1
augment,1
vibrations,1
flow,1
electric,1
fluid,1
opening,1
create,1
draught,1
invite,1
destroyed,1
lunatic,1
smothering,1
bathe,1
parted,1
substance,1
knocked,1
imprudence,1
desperately,1
commit,1
indiscretions,1
smother,1
preservation,1
mantel,1
vase,1
brittle,1
madam,1
perils,1
sobbings,1
chairs,1
obstructions,1
kitty,1
cooped,1
commode,1
furniture,1
shins,1
safest,1
conductors,1
managed,1
z,1
ringe,1
halte,1
herden,1
u,1
genitive,1
sifted,1
rods,1
helmet,1
metal,1
clumsy,1
uncomfortable,1
strictly,1
protected,1
sabre,1
complied,1
spurs,1
blitz,1
participle,1
nominative,1
height,1
tower,1
absence,1
wording,1
establishment,1
range,1
overlooking,1
valley,1
houses,1
nearest,1
yards,1
clanging,1
brilliant,1
lantern,1
hoarse,1
inquiry,1
wildly,1
accoutrements,1
discomfort,1
starlight,1
curtains,1
survivors,1
remarked,1
blinds,1
cannon,1
rules,1
preserving,1
innumerable,1
incomprehensible,1
manages,1
satchel,1
umbrella,1
explanatory,1
regard,1
universally,1
applicable,1
performable,1
changing,1
theatrical,1
pupils,1
nations,1
ce,1
matin,1
avoir,1
moi,1
chez,1
le,1
tailleur,1
wherever,1
parts,1
undisturbed,1
shovel,1
gaps,1
expunged,1
va,1
supporter,1
la,1
nous,1
temps,1
très,1
se,1
desired,1
dramatis,1
dwelling,1
study,1
exiled,1
rattles,1
corrects,1
memorizes,1
provided,1
stocking,1
thread,1
carpenter,1
topics,1
exile,1
fash,1
cares,1
prejudice,1
abide,1
welters,1
reform,1
purest,1
sympathy,1
buries,1
memorizing,1
enters,1
rocking,1
fro,1
uttering,1
mutter,1
discovers,1
dearie,1
wh,1
victoria,1
unarming,1
kissing,1
waltzing,1
unconscious,1
odious,1
fetters,1
tongues,1
faulty,1
schrecklich,1
dance,1
reflective,1
privilege,1
trowel,1
layer,1
mush,1
courses,1
stoss,1
juck,1
bier,1
rainbows,1
nougat,1
peddlers,1
rooms,1
whosoever,1
bat,1
hut,1
exeunt,1
kinder,1
lass,1
n,1
incite,1
seek,1
conditions,1
thrown,1
nice,1
blame,1
germans,1
measles,1
prevalent,1
prime,1
incentive,1
suspect,1
knowledge,1
keeping,1
straighten,1
angel,1
servant,1
slates,1
roof,1
ailing,1
visits,1
disorders,1
grind,1
ye,1
treble,1
ii,1
nicer,1
hods,1
emergencies,1
refuse,1
trains,1
tickets,1
berlin,1
subjunctive,1
afghanistan,1
choose,1
beforehand,1
directing,1
especially,1
insurrection,1
tremble,1
losing,1
mixing,1
dies,1
mal,1
skull,1
ding,1
finger,1
nun,1
auge,1
grumbling,1
shaking,1
incredible,1
climate,1
compensation,1
automatic,1
br,1
journaled,1
ball,1
mumbling,1
endured,1
problem,1
kinds,1
canada,1
centuries,1
indians,1
missionary,1
boiling,1
bothering,1
moribund,1
mooning,1
wandered,1
stump,1
safety,1
sticking,1
wax,1
affair,1
fix,1
topic,1
tip,1
whang,1
refers,1
gentlemen,1
width,1
stage,1
conversations,1
silences,1
wen,1
poem,1
listens,1
glides,1
noblest,1
alley,1
seiten,1
dinge,1
bead,1
lets,1
snaps,1
logis,1
daisy,1
communion,1
flushed,1
batch,1
seine,1
fenster,1
pull,1
confidence,1
bye,1
gaudiest,1
impress,1
stupefied,1
erst,1
wiedersehen,1
clapping,1
joyous,1
faints,1
tumbles,1
crash,1
seizes,1
protecting,1
sweetheart,1
scrambles,1
adds,1
reverent,1
iii,1
puts,1
shawl,1
brushing,1
duster,1
smartly,1
dressed,1
prosperous,1
silver,1
piles,1
proceeds,1
ende,1
fallen,1
mangel,1
moos,1
welt,1
sickness,1
thou,1
fidelity,1
succeeds,1
teach,1
jewel,1
sagacity,1
ladies,1
justified,1
gabble,1
lain,1
curled,1
dears,1
flitted,1
clattering,1
sp,1
inventor,1
grammatical,1
shown,1
straw,1
hers,1
admirable,1
dote,1
coaxes,1
bullies,1
sunday,1
bud,1
roses,1
springs,1
paradise,1
achieve,1
marvels,1
mischievous,1
bossing,1
pleased,1
drag,1
span,1
anlage,1
waist,1
ch,1
slumps,1
limp,1
posed,1
sage,1
smouches,1
unties,1
ties,1
pats,1
cravat,1
imposing,1
threatens,1
supported,1
rattling,1
teacher,1
join,1
enthusiasm,1
darlings,1
hesitate,1
flinging,1
cling,1
rushes,1
joins,1
crushed,1
quartette,1
swindlers,1
cheers,1
bows,1
hussy,1
daughters,1
scamps,1
gap,1
mock,1
situation,1
poetic,1
improvise,1
nudges,1
worthy,1
solemnly,1
raises,1
benediction,1
bowed,1
reproachfully,1
contemplate,1
germany,1
ballads,1
di,1
latest,1
verse,1
print,1
collaboration,1
blanche,1
readers,1
younger,1
poets,1
sisters,1
cora,1
lyrics,1
backward,1
treats,1
social,1
problems,1
becomes,1
endowed,1
needless,1
proves,1
curse,1
leads,1
numerous,1
provides,1
powerfully,1
portray,1
beautifully,1
dan,1
beard,1
consisting,1
finn,1
pauper,1
stolen,1
elephant,1
rambling,1
carnival,1
library,1
characteristic,1
selections,1
author,1
quoted,1
compiled,1
roughing,1
gilded,1
companion,1
genesis,1
appendix,1
woodcuts,1
disposed,1
figures,1
drawn,1
admiral,1
united,1
states,1
navy,1
widow,1
madeleine,1
reminiscences,1
tenting,1
magnificent,1
etching,1
copper,1
x,1
inches,1
quantities,1
foregoing,1
jane,1
welsh,1
alexander,1
ireland,1
simile,1
vellum,1
roscoe,1
alfred,1
ph,1
garfield,1
bernard,1
encouragement,1
holiness,1
colored,1
plates,1
struggles,1
triumphs,1
forum,1
elegantly,1
engraved,1
autograph,1
embracing,1
professional,1
lawyers,1
concise,1
cyclopedia,1
theological,1
assisted,1
scholars,1
column,1
buy,1
endorsed,1
menus,1
simplest,1
elaborate,1
presentation,1
oil,1
purchaser,1
serving,1
tested,1
lectures,1
preaching,1
legends,1
myths,1
diversions,1
diplomat,1
cox,1
profusely,1
secretaries,1
sims,1
herbert,1
ward,1
captains,1
includes,1
stanley,1
oliver,1
edgar,1
janes,1
devils,1
unlike,1
shows,1
pure,1
creations,1
purpose,1
abundant,1
isles,1
physical,1
beauty,1
obtain,1
preserve,1
miller,1
chapters,1
hygiene,1
foods,1
bodily,1
cultivation,1
individuality,1
epitomes,1
clay,1
fisher,1
crow,1
ann,1
eagerly,1
sought,1
admirers,1
beaver,1
cove,1
magazine,1
articles,1
paul,1
praise,1
critics,1
prominent,1
literary,1
journals,1
crim,1
leading,1
bowl,1
prepare,1
receipts,1
liquors,1
ratafias,1
punches,1
bowls,1
extra,1
habet,1
mien,1
silently,1
corrected,1
typographical,1
errors,1
variations,1
spelling,1
anachronistic,1
standard,1
spellings,1
retained,1
printed,1
footnotes,1
indexed,1
enclosed,1
italics,1
font,1
ebook,1
